{
  "Name": "DSP4Guitar",
  "Version": "1.0.0",
  "Factory Info": {
    "Vendor": "GizzZmo",
    "URL": "",
    "E-Mail": "",
    "Flags": {
      "Unicode": true,
      "Classes Discardable": false,
      "Component Non Discardable": false,
    },
  },
  "Classes": [
    {
      "CID": "ABCDEF019182FAEB477A7A6D44737034",
      "Category": "Audio Module Class",
      "Name": "DSP4Guitar",
      "Vendor": "GizzZmo",
      "Version": "1.0.0",
      "SDKVersion": "VST 3.7.8",
      "Sub Categories": [
        "Fx",
      ],
      "Class Flags": 0,
      "Cardinality": 2147483647,
      "Snapshots": [
      ],
    },
    {
      "CID": "ABCDEF011234ABCD477A7A6D44737034",
      "Category": "Component Controller Class",
      "Name": "DSP4Guitar",
      "Vendor": "GizzZmo",
      "Version": "1.0.0",
      "SDKVersion": "VST 3.7.8",
      "Sub Categories": [
        "Fx",
      ],
      "Class Flags": 0,
      "Cardinality": 2147483647,
      "Snapshots": [
      ],
    },
    {
      "CID": "ABCDEF01C0DEF00D477A7A6D44737034",
      "Category": "Plugin Compatibility Class",
      "Name": "DSP4Guitar",
      "Vendor": "GizzZmo",
      "Version": "1.0.0",
      "SDKVersion": "VST 3.7.8",
      "Class Flags": 0,
      "Cardinality": 2147483647,
      "Snapshots": [
      ],
    },
  ],
}